Accuracy,F1 Score,Precision,Recall,AUC-ROC
0.9500599489131002,0.9502389362144192,0.9480721393034826,0.9524156601416076,0.950056874856272
