Accuracy,F1 Score,Precision,Recall,AUC-ROC
0.9492780065683157,0.9494361586031285,0.9477124183006536,0.9511661807580175,0.9492755426182822
