iter	Logloss
0	0.5500108627
1	0.4336529977
2	0.3488987523
3	0.2979970511
4	0.2569612013
5	0.2272687101
6	0.2084374207
7	0.1928069342
8	0.1782279548
9	0.1662413011
10	0.1558017168
11	0.1476199542
12	0.140628866
13	0.1336658071
14	0.1280565052
15	0.1227706347
16	0.1175124155
