Accuracy,F1 Score,Precision,Recall,AUC-ROC
0.9733158355205599,0.9737634408602149,0.9691780821917808,0.9783923941227312,0.9732528843952895
