Validation Accuracy,F1 Score,Precision,Recall,AUC-ROC
0.9883333333333333,0.9884424876169511,0.9911699779249448,0.9857299670691547,0.9883655459642736
