Accuracy,F1 Score,Precision,Recall,AUC-ROC
0.9905,0.9906450024618414,0.9872423945044161,0.9940711462450593,0.9904566257541085
