Accuracy,F1 Score,Precision,Recall,AUC-ROC
0.9865,0.9867191342843089,0.9823702252693438,0.991106719367589,0.9864440479429037
