Accuracy,F1 Score,Precision,Recall,AUC-ROC
0.988,0.9882121807465618,0.982421875,0.9940711462450593,0.987926261381639
