Test Accuracy,F1 Score,Precision,Recall,AUC-ROC
0.986,0.9862340216322517,0.9814090019569471,0.991106719367589,0.9859379750684097
