Test Accuracy,F1 Score,Precision,Recall,AUC-ROC
0.986,0.9862204724409448,0.9823529411764705,0.9901185770750988,0.9859499767966586
